Year,DC,PCI,PDIUM,PSDI,PLI,PRI,PRI–Radical,MSI,PSI,LpT,PNM,BN,PCI–PSI–PdUP,PMP,FDP,DP,PdUP,PR,PSd'Az,US/PSLI,SVP,UV,VERDI,LN,VdA,LV,PDS,PRC,FI,AN,PPI,CCD,CDU,RI,DS,DL,IdV,UdC,PdL,MpA,PD,M5S,SEL,FdI,SC,CD,Lega,UDC,MAIE,USEI,SA/VdA,NcI–UDC,+Europa,Together,CP,SVP–PATT,LeU,NM,PD–IDP,A–IV,AVS,IC,Total,Notes
1948,305,0,0,0,0,9,0,6,0,0,14,19,0,0,184,0,0,0,1,33,3,0,0,0,0,0,0,0,0,0,0,0,0,0,0,0,0,0,0,0,0,0,0,0,0,0,0,0,0,0,0,0,0,0,0,0,0,0,0,0,0,0,574,FDP (PCI+PSI) and National Bloc were coalition lists on the ballot; Wikipedia reports seats by list.
1953,263,143,0,19,13,5,0,29,75,0,40,0,0,0,0,0,0,0,0,0,3,0,0,0,0,0,0,0,0,0,0,0,0,0,0,0,0,0,0,0,0,0,0,0,0,0,0,0,0,0,0,0,0,0,0,0,0,0,0,0,0,0,590,"Chamber totals; parties ran both standalone and in coalitions (e.g., centrist coalition)."
1958,273,141,0,22,17,0,6,24,84,0,11,0,0,14,0,0,0,0,0,0,3,1,0,0,0,0,0,0,0,0,0,0,0,0,0,0,0,0,0,0,0,0,0,0,0,0,0,0,0,0,0,0,0,0,0,0,0,0,0,0,0,0,596,"Two monarchist lists (PMP, PNM) ran separately; PRI ran with the Radicals on a joint list (seats shown for PRI–Radical)."
1963,260,166,8,33,39,6,0,27,87,0,0,0,0,0,0,0,0,0,0,0,3,1,0,0,0,0,0,0,0,0,0,0,0,0,0,0,0,0,0,0,0,0,0,0,0,0,0,0,0,0,0,0,0,0,0,0,0,0,0,0,0,0,630,Post-1963 fixed chamber size; PDIUM is the merged monarchist party.
1968,266,177,0,27,39,15,0,24,91,0,0,0,0,0,0,0,0,0,0,0,3,1,0,0,0,0,0,0,0,0,0,0,0,0,0,0,0,0,0,0,0,0,0,0,0,0,0,0,0,0,0,0,0,0,0,0,0,0,0,0,0,0,630,Official Chamber seats by party.
1972,266,179,0,29,20,15,0,56,61,0,0,0,0,0,0,0,0,0,0,0,3,0,0,0,0,0,0,0,0,0,0,0,0,0,0,0,0,0,0,0,0,0,0,0,0,0,0,0,0,0,0,0,0,0,0,0,0,0,0,0,0,0,630,Chamber seats by party; PSIUP lost representation.
1976,262,228,0,15,5,14,0,35,57,0,0,0,1,0,0,6,0,4,0,0,3,0,0,0,0,0,0,0,0,0,0,0,0,0,0,0,0,0,0,0,0,0,0,0,0,0,0,0,0,0,0,0,0,0,0,0,0,0,0,0,0,0,630,Includes a 1-seat joint list (PCI–PSI–PdUP).
1979,262,201,0,20,9,16,0,30,62,1,0,0,0,0,0,0,6,18,0,0,4,0,0,0,0,0,0,0,0,0,0,0,0,0,0,0,0,0,0,0,0,0,0,0,0,0,0,0,0,0,0,0,0,0,0,0,0,0,0,0,0,0,630,Chamber seats by party.
1983,225,198,0,23,16,29,0,42,73,0,0,0,0,0,0,7,0,11,1,0,3,0,0,0,1,1,0,0,0,0,0,0,0,0,0,0,0,0,0,0,0,0,0,0,0,0,0,0,0,0,0,0,0,0,0,0,0,0,0,0,0,0,630,"Regional seats include SVP (3), Aosta (1), PSd'Az (1), Liga Veneta (1)."
1987,234,177,0,17,11,21,0,35,94,0,0,0,0,0,0,8,0,13,2,0,3,0,13,2,1,0,0,0,0,0,0,0,0,0,0,0,0,0,0,0,0,0,0,0,0,0,0,0,0,0,0,0,0,0,0,0,0,0,0,0,0,0,630,Two seats for early Northern League lists; Greens enter with 13.
1992,206,0,0,0,17,27,0,34,92,0,0,0,0,0,0,0,0,0,0,0,3,0,0,55,0,0,107,35,0,0,0,0,0,0,0,0,0,0,0,0,0,0,0,0,0,0,0,0,0,0,0,0,0,0,0,0,0,0,0,0,0,0,630,PDS is PCI successor; other small regional/micro parties hold the remainder to reach 630.
1994,0,0,0,0,0,0,0,0,0,0,0,0,0,0,0,0,0,0,0,0,0,0,0,116,0,0,168,37,113,108,32,27,0,0,0,0,0,0,0,0,0,0,0,0,0,0,0,0,0,0,0,0,0,0,0,0,0,0,0,0,0,0,630,Seat totals from FairVote (1995 Katz) summing party totals; 'Patto per l'Italia' attributed to PPI for simplicity.
1996,0,0,0,0,0,0,0,0,0,0,0,0,0,0,0,0,0,0,0,0,0,0,0,59,0,0,172,35,124,92,69,0,0,26,0,0,0,0,0,0,0,0,0,0,0,0,0,0,0,0,0,0,0,0,0,0,0,0,0,0,0,0,630,Totals approximated from Wikipedia 'Overall results' (sum to 630 across parties in coalitions).
2001,0,0,0,0,0,0,0,0,3,0,0,0,0,0,0,0,0,0,0,0,2,0,0,30,1,0,0,10,194,99,0,40,0,0,136,83,17,36,0,0,0,0,0,0,0,0,0,0,0,0,0,0,0,0,0,0,0,0,0,0,0,0,630,House of Freedoms majority. CCD–CDU combined row recorded as CCD seats; PdCI mapped into PRC column for compactness.
2006,0,0,0,0,0,0,0,0,0,0,0,0,0,0,0,0,0,0,0,0,0,0,0,26,0,0,0,41,137,71,0,0,0,0,220,131,30,39,0,0,0,0,0,0,0,0,0,0,0,0,0,0,0,0,0,0,0,0,0,0,0,0,630,"Approximate distribution; exact per-party seat counts in 2006 are complex (majority bonus, overseas)."
2008,0,0,0,0,0,0,0,0,0,0,0,0,0,0,0,0,0,0,0,0,2,0,0,60,1,0,0,0,0,0,0,0,0,0,0,0,29,36,276,8,217,0,0,0,0,0,0,0,0,0,0,0,0,0,0,0,0,0,0,0,0,0,630,Overall results include Italy/overseas/Aosta rows.
2013,0,0,0,0,0,0,0,0,0,0,0,0,0,0,0,0,0,0,0,0,5,0,0,18,1,0,0,0,0,0,0,0,0,0,0,0,0,8,98,0,297,109,37,9,39,6,0,0,0,0,0,0,0,0,0,0,0,0,0,0,0,0,630,PD wins majority bonus; M5S enters as third force.
2013,0,0,0,0,0,0,0,0,0,0,0,0,0,0,0,0,0,0,0,0,5,0,0,0,0,0,0,0,0,0,0,0,0,0,0,0,0,0,98,0,297,109,37,9,39,6,18,8,2,1,1,0,0,0,0,0,0,0,0,0,0,0,630,Seat totals per party; coalition labels avoided.
2018,0,0,0,0,0,0,0,0,0,0,0,0,0,0,0,0,0,0,0,0,0,0,0,0,0,0,0,0,104,0,0,0,0,0,0,0,0,0,0,0,112,227,0,32,0,0,125,0,1,1,0,4,3,1,2,4,14,0,0,0,0,0,630,"Official party seat counts, not coalitions."
2022,0,0,0,0,0,0,0,0,0,0,0,0,0,0,0,0,0,0,0,0,3,0,0,0,0,0,0,0,45,0,0,0,0,0,0,0,0,0,0,0,0,52,0,119,0,0,66,0,1,0,1,0,2,0,0,0,0,7,69,21,12,1,399,Seat totals per party; 400-seat chamber post-2020 reform.
