Year,CVP/PSC,BSP/PSB,PL,PCB/KPB,LSK,CVV,VU,PVV/PLP,FDF,RW,Agalev,BSP,CD&V,CD&V–N-VA,CVP,CVP-PSC,DéFI,Ecolo,FDF-RW,FN,Groen,KP,LDD,Les Engagés,MR,N-VA,Open Vld,PC,PCB,PLP,PLP(Bxl),PP,PRL,PRLW,PRL–FDF,PS,PSB,PSB(Bxl),PSC,PTB/PVDA,PVV,PVV-PLP,RL,ROSSEM,SP,UDP,UDRT,VB,VLD,Vooruit,cdH,sp.a,sp.a–spirit,Total,Notes
1949,105,66,29,12,0,0,0,0,0,0,0,0,0,0,0,0,0,0,0,0,0,0,0,0,0,0,0,0,0,0,0,0,0,0,0,0,0,0,0,0,0,0,0,0,0,0,0,0,0,0,0,0,0,212,""
1950,108,73,20,7,4,0,0,0,0,0,0,0,0,0,0,0,0,0,0,0,0,0,0,0,0,0,0,0,0,0,0,0,0,0,0,0,0,0,0,0,0,0,0,0,0,0,0,0,0,0,0,0,0,212,""
1954,95,82,24,4,5,1,0,0,0,0,0,0,0,0,0,0,0,0,0,0,0,0,0,0,0,0,0,0,0,0,0,0,0,0,0,0,0,0,0,0,0,0,0,0,0,0,0,0,0,0,0,0,0,212,"nan - Total differs by 1 seat; minor unlisted list likely"
1958,104,80,20,2,5,0,1,0,0,0,0,0,0,0,0,0,0,0,0,0,0,0,0,0,0,0,0,0,0,0,0,0,0,0,0,0,0,0,0,0,0,0,0,0,0,0,0,0,0,0,0,0,0,212,""
1961,96,84,20,5,0,0,5,0,0,0,0,0,0,0,0,0,0,0,0,0,0,0,0,0,0,0,0,0,0,0,0,0,0,0,0,0,0,0,0,0,0,0,0,0,0,0,0,0,0,0,0,0,0,212,"RN 1 seat - Total differs by 2 seats (unlisted)"
1965,77,64,0,6,0,0,12,48,3,0,0,0,0,0,0,0,0,0,0,0,0,0,0,0,0,0,0,0,0,0,0,0,0,0,0,0,0,0,0,0,0,0,0,0,0,0,0,0,0,0,0,0,0,212,"Total differs by 2 seats; small lists omitted"
1968,69,59,0,5,0,0,20,47,6,6,0,0,0,0,0,0,0,0,0,0,0,0,0,0,0,0,0,0,0,0,0,0,0,0,0,0,0,0,0,0,0,0,0,0,0,0,0,0,0,0,0,0,0,212,""
1971,0,0,0,0,0,0,21,0,0,12,0,25,0,0,40,12,0,0,12,0,0,1,0,0,0,0,0,4,0,11,3,0,0,0,0,0,25,7,15,0,16,4,4,0,0,0,0,0,0,0,0,0,0,212,"Brussels joint lists; PC+KP are language variants"
1974,0,0,0,0,0,0,22,0,14,11,0,59,0,0,50,0,0,0,0,0,0,0,0,0,0,0,0,0,2,0,0,0,0,0,0,0,0,0,22,0,30,0,0,0,0,2,0,0,0,0,0,0,0,212,"FDF seats via joint list; UDP 2"
1977,0,0,0,0,0,0,20,0,11,4,0,27,0,0,56,0,0,0,0,0,0,0,0,0,0,0,0,0,2,0,0,0,0,16,0,0,34,0,24,0,17,0,0,0,0,0,0,0,0,0,0,0,0,211,"Socialists split; liberal split; minor lists"
1978,0,0,0,0,0,0,14,0,11,4,0,0,0,0,57,0,0,0,0,0,0,0,0,0,0,0,0,4,0,0,0,0,15,0,31,0,0,25,0,22,0,0,0,26,0,1,1,0,0,0,0,0,211,"VB first seat; UDRT 1"
1981,0,0,0,0,0,0,20,0,0,0,2,0,0,0,43,0,0,2,8,0,0,0,0,0,0,0,0,2,0,0,0,24,0,0,35,0,0,18,0,28,0,0,0,26,0,3,1,0,0,0,0,0,212,"Greens enter; voting age 18"
1985,0,0,0,0,0,0,16,0,0,0,4,0,0,0,49,0,0,5,0,0,0,0,0,0,0,0,0,0,0,0,0,24,0,0,35,0,0,20,0,22,0,0,0,32,0,0,1,0,0,0,0,0,208,"Martens V coalition continues"
1987,0,0,0,0,0,0,16,0,3,0,6,0,0,0,43,0,0,3,0,0,0,0,0,0,0,0,0,0,0,0,0,23,0,0,40,0,0,19,0,25,0,0,0,32,0,0,2,0,0,0,0,0,212,"Voeren crisis snap election"
1991,0,0,0,0,0,0,10,0,3,0,7,0,0,0,39,0,0,10,0,1,0,0,0,0,0,0,0,0,0,0,0,20,0,0,35,0,0,18,0,0,26,0,3,28,0,0,12,0,0,0,0,0,212,"Black Sunday far-right surge"
1995,0,0,0,0,0,0,5,0,0,0,5,0,0,0,29,0,0,6,0,2,0,0,0,0,0,0,0,0,0,0,0,0,0,0,18,21,0,0,12,0,0,0,0,0,20,0,0,11,21,0,0,0,0,150,"First 150-seat chamber"
1999,0,0,0,0,0,0,8,0,0,0,9,0,0,0,22,0,0,11,0,1,0,0,0,0,0,0,0,0,0,0,0,0,0,0,18,19,0,0,10,0,0,0,0,0,14,0,0,15,23,0,0,0,0,150,"Dioxin affair; liberal-led coalition"
2003,0,0,0,0,0,0,0,0,0,0,0,0,21,0,0,0,0,4,0,1,0,0,0,24,1,0,0,0,0,0,0,0,0,0,25,0,0,0,0,0,0,0,0,0,0,0,18,25,0,8,0,23,150,"Greens hit hard; N-VA first seat"
2007,0,0,0,0,0,0,0,0,0,0,0,0,0,30,0,0,0,8,0,1,4,0,5,0,23,0,18,0,0,0,0,0,0,0,0,20,0,0,0,0,0,0,0,0,0,0,17,0,0,10,0,14,150,"CD&V–N-VA largest; LDD enters"
2010,0,0,0,0,0,0,0,1,0,0,0,17,0,0,0,0,8,0,0,5,0,0,0,18,27,13,0,0,0,0,1,0,0,0,26,0,0,0,0,0,0,0,0,0,0,12,0,0,9,13,0,150,"N-VA largest; long formation"
2014,0,0,0,0,0,0,0,0,0,0,0,18,0,0,0,2,6,0,0,6,0,0,0,20,33,14,0,0,0,0,1,0,0,0,23,0,0,0,2,0,0,0,0,0,0,3,0,0,9,13,0,150,"Michel I coalition; PTB/PVDA first seats"
2019,0,0,0,0,0,0,0,0,0,0,0,12,0,0,0,2,13,0,0,8,0,0,0,14,25,12,0,0,0,0,0,0,0,0,20,0,0,0,12,0,0,0,0,0,0,0,18,0,0,5,9,0,150,"VB resurgence; Vivaldi coalition"
2024,0,0,0,0,0,0,0,0,0,0,0,11,0,0,0,1,7,0,0,4,0,0,7,20,24,7,0,0,0,0,0,0,0,0,17,0,0,0,15,0,0,0,0,0,0,0,20,0,13,0,0,0,150,"Les Engagés & Vooruit rebrands"